{"data": [{"date_time": "2020-04-17 19:05:19", "val": 8.21}, {"date_time": "2020-04-16 11:43:25", "val": 45.7}, {"date_time": "2020-04-15 09:19:13", "val": 0.78}, {"date_time": "2020-04-14 13:28:25", "val": 54.95}, {"date_time": "2020-04-13 18:29:16", "val": 41.65}, {"date_time": "2020-04-12 02:35:22", "val": 30.42}, {"date_time": "2020-04-11 12:06:43", "val": -34.04}, {"date_time": "2020-04-10 13:30:39", "val": 45.59}, {"date_time": "2020-04-09 22:34:41", "val": 61.15}, {"date_time": "2020-04-08 03:59:37", "val": -10.02}]}