{
    "data":[
        {"date_time": "2020-04-16 01:01:01", "val": "50"},
        {"date_time": "2020-04-17 01:01:01", "val": "51"},
        {"date_time": "2020-04-18 01:01:01", "val": "52"},
        {"date_time": "2020-04-19 01:01:01", "val": "53"},
        {"date_time": "2020-04-20 01:01:01", "val": "54"},
        {"date_time": "2020-04-21 01:01:01", "val": "55"},
        {"date_time": "2020-04-22 01:01:01", "val": "56"},
        {"date_time": "2020-04-23 01:01:01", "val": "57"},
        {"date_time": "2020-04-24 01:01:01", "val": "58"},
        {"date_time": "2020-04-25 01:01:01", "val": "59"},
        {"date_time": "2020-04-26 01:01:01", "val": "60"},
        {"date_time": "2020-04-27 01:01:01", "val": "61"},
        {"date_time": "2020-04-28 01:01:01", "val": "62"},
        {"date_time": "2020-04-29 01:01:01", "val": "63"},
        {"date_time": "2020-04-30 01:01:01", "val": "64"},
        {"date_time": "2020-05-01 01:01:01", "val": "65"},
        {"date_time": "2020-05-02 01:01:01", "val": "66"},
        {"date_time": "2020-05-03 01:01:01", "val": "67"},
        {"date_time": "2020-05-04 01:01:01", "val": "68"}
    ]
}
